size,algorithm,metric,mean,std,values
10,BFS,time,0.007845460022508632,0.002641608174715895,0.02495700027793646;0.006491998647106811;0.009438001143280417;0.006643000233452767;0.006922997272340581;0.00872699820320122;0.00817500040284358;0.007123999239411205;0.010340001608710736;0.009137002052739263;0.004527999408310279;0.009759001841302961;0.008587001502746716;0.007393999112537131;0.007644001016160473;0.010119001672137529;0.009217998012900352;0.006612997822230682;0.007644001016160473;0.007122998795239255;0.006361999112414196;0.008616996638011187;0.009408002370037138;0.006000998837407678;0.004870002157986164;0.009327999578090385;0.007454000297002494;0.007484999514417723;0.008186001650756225;0.005300000339047983;0.005249999958323315;0.007393999112537131;0.010109000868396834;0.005050002073403448;0.004107998393010348;0.00470800296170637;0.006862999725854024;0.006042002496542409;0.006342001142911613;0.0041380008042324334;0.009357998351333663;0.00748400270822458;0.007644001016160473;0.0077549993875436485;0.006972997653065249;0.007854996511014178;0.007124002877390012;0.008636001439299434;0.004868998075835407;0.005920999683439732;0.008937000529840589;0.006572001439053565;0.008586001058574766;0.010580002708593383;0.006181999196996912;0.007023001671768725;0.009598003089195117;0.007424001523759216;0.010208997991867363;0.006141999620012939;0.005560999852605164;0.009948998922482133;0.009948998922482133;0.00770399856264703;0.01064100069925189;0.008775998139753938;0.007554001058451831;0.006902999302837998;0.00884599648998119;0.0063920015236362815;0.0079849996836856;0.008817001798888668;0.004157998773735017;0.007664999429835007;0.010099000064656138;0.007353999535553157;0.008005001291166991;0.007554001058451831;0.00872599775902927;0.018285001715412363;0.010760002624010667;0.006872996891615912;0.006411999493138865;0.006451999070122838;0.00817500040284358;0.008577000699006021;0.006102000043028966;0.007724996976321563;0.008326001989189535;0.009578001481713727;0.004418001481099054;0.0074640011007431895;0.006260997906792909;0.009518000297248363;0.004277997504686937;0.0041479979699943215;0.008987000910565257;0.00829599957796745;0.009207000402966514;0.007593996997456998
10,BFS,memory,1.800390625,0.3263301964660218,2.09375;1.0234375;1.96875;1.46875;1.96875;1.96875;1.96875;1.96875;1.5234375;1.96875;1.0234375;1.96875;1.96875;1.96875;1.96875;1.5234375;1.96875;1.96875;1.96875;1.96875;1.96875;1.96875;1.96875;1.96875;1.46875;1.96875;1.96875;1.96875;1.96875;1.96875;1.96875;1.96875;1.5234375;1.0234375;1.0234375;1.46875;1.96875;1.96875;1.96875;1.0234375;1.96875;1.96875;1.96875;1.96875;1.96875;1.96875;1.96875;1.96875;1.0234375;1.0234375;1.96875;1.96875;1.96875;1.96875;1.96875;1.96875;1.96875;1.96875;1.5234375;1.96875;1.96875;1.5234375;1.96875;1.96875;1.96875;1.96875;1.96875;1.96875;1.96875;1.96875;1.96875;1.96875;1.0234375;1.96875;1.5234375;1.96875;1.96875;1.96875;1.96875;1.96875;1.96875;1.46875;1.46875;1.0234375;1.96875;1.96875;1.96875;1.96875;1.96875;1.96875;1.0234375;1.96875;1.96875;1.96875;1.0234375;1.0234375;1.96875;1.96875;1.96875;1.5234375
10,BFS,explored,5.02,2.4287004464498825,8;1;5;3;2;6;5;4;10;7;1;8;6;4;4;8;8;3;5;4;3;7;8;3;2;8;5;5;7;2;2;4;10;2;1;2;4;3;3;1;8;5;5;5;4;6;4;7;2;4;8;4;7;6;3;4;9;5;10;3;2;9;9;5;9;7;5;4;7;3;6;7;1;5;10;5;6;5;7;5;5;3;3;4;5;6;2;5;6;8;1;4;3;8;1;1;7;6;8;6
10,DFS,time,0.007053660119709093,0.0026898668101112545,0.013065000530332327;0.0037770005292259157;0.008335999154951423;0.004418001481099054;0.011421998351579532;0.00931799877434969;0.004798999725608155;0.008605999028077349;0.0110910004877951;0.007284001185325906;0.0030859991966281086;0.009879000572254881;0.005891000910196453;0.009277002391172573;0.009548002708470449;0.008856000931700692;0.008335999154951423;0.010018000466516241;0.008286002412205562;0.008825998520478606;0.009749001037562266;0.00480900052934885;0.005649999366141856;0.009848001354839653;0.010489999112905934;0.005570997018367052;0.004107998393010348;0.005259997124085203;0.004708999767899513;0.009868999768514186;0.010348998330300674;0.00878700302564539;0.0061209975683595985;0.0040480008465237916;0.0028859976737294346;0.0046290006139315665;0.005669997335644439;0.008446000720141456;0.0036470009945333004;0.0028860013117082417;0.008465998689644039;0.009889001375995576;0.005350000719772652;0.0041380008042324334;0.004719000571640208;0.004327997885411605;0.010370000381954014;0.0069830020947847515;0.004107998393010348;0.005009998858440667;0.006000998837407678;0.01030999919748865;0.004849000106332824;0.008637001883471385;0.0038380021578632295;0.0035669982025865465;0.008486000297125429;0.009207997209159657;0.010750001820269972;0.009899002179736272;0.008536000677850097;0.010490002750884742;0.006743000994902104;0.008115999662550166;0.0070739988586865366;0.004639001417672262;0.008396000339416787;0.007023001671768725;0.005740999768022448;0.009658000635681674;0.007533999450970441;0.005751000571763143;0.002805998519761488;0.008246002835221589;0.005160000000614673;0.005350000719772652;0.00807500327937305;0.008635997801320627;0.005199999577598646;0.014336997992359102;0.009407001925865188;0.004328001523390412;0.010839998139999807;0.003796998498728499;0.004488003469305113;0.0062920007621869445;0.010890998964896426;0.0043379986891523;0.0064920022850856185;0.005771002179244533;0.0029049988370388746;0.008756000170251355;0.010248997568851337;0.004579000233206898;0.00291600008495152;0.0028649992600549012;0.004608999006450176;0.004759000148624182;0.007785001798765734;0.01123100082622841
10,DFS,memory,0.7328125,0.21149938025257242,0.84375;0.28125;0.8125;0.3125;0.84375;0.8125;0.8125;0.84375;0.8125;0.8125;0.28125;0.8125;0.84375;0.84375;0.84375;0.84375;0.84375;0.84375;0.8125;0.84375;0.84375;0.84375;0.84375;0.84375;0.84375;0.8125;0.8125;0.84375;0.3125;0.84375;0.84375;0.84375;0.8125;0.3125;0.28125;0.3125;0.8125;0.84375;0.3125;0.28125;0.84375;0.84375;0.84375;0.8125;0.8125;0.84375;0.8125;0.84375;0.3125;0.3125;0.84375;0.8125;0.84375;0.84375;0.3125;0.3125;0.84375;0.8125;0.8125;0.84375;0.84375;0.8125;0.84375;0.84375;0.84375;0.84375;0.84375;0.8125;0.84375;0.84375;0.84375;0.84375;0.28125;0.84375;0.84375;0.84375;0.8125;0.84375;0.84375;0.84375;0.84375;0.3125;0.84375;0.3125;0.8125;0.84375;0.84375;0.8125;0.84375;0.84375;0.28125;0.84375;0.84375;0.84375;0.28125;0.28125;0.84375;0.84375;0.8125;0.8125
10,DFS,explored,5.1,2.9180732539042804,7;1;6;2;10;8;2;7;10;5;1;9;3;8;8;5;7;9;7;8;9;2;3;9;9;4;2;3;3;9;10;8;4;2;1;3;4;7;2;1;7;8;3;2;3;2;10;5;2;3;4;10;2;7;2;2;7;8;10;9;7;9;5;7;5;2;7;6;4;9;6;4;1;7;3;3;6;7;3;5;7;2;9;2;2;4;10;2;4;3;1;7;9;2;1;1;2;2;6;4
10,Dijkstra,time,0.018406729614071082,0.006195285657482371,0.05154699829290621;0.012563999916892499;0.022562002413906157;0.012794000213034451;0.013015000149607658;0.024996999854920432;0.017262998881051317;0.01511799928266555;0.02870399839594029;0.022222000552574173;0.011170999641763046;0.02603900065878406;0.022082000214140862;0.017332000425085425;0.019176000932930037;0.02157099879696034;0.021980999008519575;0.014205998013494536;0.02320400017197244;0.018425002053845674;0.012583997886395082;0.017883998225443065;0.023504999262513593;0.011791998986154795;0.011221000022487715;0.026849997084354982;0.014197001291904598;0.013976001355331391;0.020468000002438203;0.02009799936786294;0.013314998795976862;0.016210997273446992;0.02770200080703944;0.012593998690135777;0.010088999260915443;0.010889998520724475;0.023214000975713134;0.017622998711885884;0.013294997188495472;0.00949800232774578;0.0221820009755902;0.01772399991750717;0.016280002455459908;0.018144000932807103;0.013184999261284247;0.01556999995955266;0.016129997675307095;0.026028999855043367;0.012854998203692958;0.015137997252168134;0.02730199776124209;0.01796400101738982;0.014757999451830983;0.019867002265527844;0.011170999641763046;0.014648001524619758;0.024134998966474086;0.017001999367494136;0.028504000511020422;0.017692997062113136;0.013595999917015433;0.026860998332267627;0.027332000172464177;0.020318002498243004;0.025318000552942976;0.014196000847732648;0.019637001969385892;0.015238998457789421;0.024286000552820042;0.014326997188618407;0.016390997188864276;0.02429599771858193;0.009687999408924952;0.024114997358992696;0.02298400067957118;0.024015000235522166;0.02332399890292436;0.01585000063641928;0.025719000404933468;0.02549800046836026;0.022321997676044703;0.015158999303821474;0.01485800021328032;0.013685999874724075;0.011731997801689431;0.01867600076366216;0.024416000087512657;0.014378001651493832;0.020567997125908732;0.014847999409539625;0.01006900129141286;0.01829499888117425;0.016591002349741757;0.01251399953616783;0.010349998774472624;0.010460000339662656;0.01237299875356257;0.018644997908268124;0.019065999367740005;0.019416998839005828
10,Dijkstra,memory,0.93453125,0.04326053079084393,1.359375;0.9296875;0.9296875;0.9296875;0.9296875;0.9296875;0.9296875;0.9296875;0.9296875;0.9296875;0.9296875;0.9296875;0.984375;0.9296875;0.9296875;0.9296875;0.9296875;0.9296875;0.9296875;0.9296875;0.9296875;0.9296875;0.9296875;0.9296875;0.9296875;0.9296875;0.9296875;0.9296875;0.9296875;0.9296875;0.9296875;0.9296875;0.9296875;0.9296875;0.9296875;0.9296875;0.9296875;0.9296875;0.9296875;0.9296875;0.9296875;0.9296875;0.9296875;0.9296875;0.9296875;0.9296875;0.9296875;0.9296875;0.9296875;0.9296875;0.9296875;0.9296875;0.9296875;0.9296875;0.9296875;0.9296875;0.9296875;0.9296875;0.9296875;0.9296875;0.9296875;0.9296875;0.9296875;0.9296875;0.9296875;0.9296875;0.9296875;0.9296875;0.9296875;0.9296875;0.9296875;0.9296875;0.9296875;0.9296875;0.9296875;0.9296875;0.9296875;0.9296875;0.9296875;0.9296875;0.9296875;0.9296875;0.9296875;0.9296875;0.9296875;0.9296875;0.9296875;0.9296875;0.9296875;0.9296875;0.9296875;0.9296875;0.9296875;0.9296875;0.9296875;0.9296875;0.9296875;0.9296875;0.9296875;0.9296875
10,Dijkstra,explored,4.92,2.6843354048360957,10;1;6;2;2;9;4;3;10;7;1;9;6;4;4;7;5;3;7;5;2;5;8;2;2;10;3;3;7;6;3;4;10;2;1;2;8;5;3;1;7;5;4;5;3;4;4;9;2;4;10;5;3;6;2;4;8;5;10;3;3;9;10;6;9;3;6;4;8;3;4;9;1;8;7;8;8;4;9;6;3;3;3;3;2;5;8;3;6;3;1;5;4;2;1;1;2;5;6;6
20,BFS,time,0.013040970115980599,0.004874003091027388,0.019917002646252513;0.018564998754300177;0.013064000086160377;0.015238998457789421;0.012934000551467761;0.005098998371977359;0.01805400097509846;0.01671199788688682;0.008275001164292917;0.010920997738139704;0.017272999684792012;0.012432999938027933;0.0073640003392938524;0.016391000826843083;0.008967002941062674;0.018796003132592887;0.022692998754791915;0.016681999113643542;0.017583002772880718;0.006913000106578693;0.007995000487426296;0.018946000636788085;0.011060998076573014;0.01874499866971746;0.014668003132101148;0.015007997717475519;0.0063730003603268415;0.0045289998524822295;0.008405997505178675;0.01008900289889425;0.013995999324833974;0.01649100158829242;0.004538000212050974;0.007594000635435805;0.01886600148282014;0.016180998500203714;0.017983998986892402;0.00990899934549816;0.0067020009737461805;0.013756001862930134;0.007875001756474376;0.017864000255940482;0.012664000678341836;0.018023998563876376;0.004478999471757561;0.01661100031924434;0.014286997611634433;0.01107099888031371;0.013966000551590696;0.008325998351210728;0.016311001672875136;0.013635999493999407;0.01495799733675085;0.004368001100374386;0.011171003279741853;0.01796400101738982;0.01308499849983491;0.008344999514520168;0.016862002667039633;0.009056999260792509;0.01180300023406744;0.017993999790633097;0.011751999409170821;0.014446999557549134;0.014626999472966418;0.02114000017172657;0.012833999790018424;0.015027999324956909;0.006100999598857015;0.008125000022118911;0.014968001778470352;0.014216999261407182;0.008105002052616328;0.008806000550976023;0.016179998056031764;0.012423999578459188;0.01331500243395567;0.01803399936761707;0.004639001417672262;0.0098389973572921;0.018134000129066408;0.014847999409539625;0.0162110009114258;0.013666001905221492;0.005689998943125829;0.028903999918838963;0.011751999409170821;0.017051999748218805;0.02364400279475376;0.006382000719895586;0.015178000467130914;0.009348001185571775;0.006833000952610746;0.014967998140491545;0.0058010009524878114;0.015459001588169485;0.0066730026446748525;0.014296998415375128;0.0141059972520452;0.014137000107439235
20,BFS,memory,2.984765625,0.834299994944075,3.5234375;3.5234375;3.5234375;3.5234375;3.5234375;1.0234375;3.5234375;3.5234375;1.96875;1.96875;3.5234375;3.5234375;1.96875;3.5234375;1.96875;3.5234375;3.5234375;3.5234375;3.5234375;1.96875;1.96875;3.5234375;3.5234375;3.5234375;3.5234375;3.5234375;1.96875;1.0234375;1.96875;3.5234375;3.5234375;3.5234375;1.0234375;1.96875;3.5234375;3.5234375;3.5234375;1.96875;1.96875;3.5234375;1.96875;3.5234375;3.5234375;3.5234375;1.0234375;3.5234375;3.5234375;3.5234375;3.5234375;1.96875;3.5234375;3.5234375;3.5234375;1.0234375;3.5234375;3.5234375;3.5234375;1.96875;3.5234375;3.5234375;3.5234375;3.5234375;1.96875;3.5234375;3.5234375;3.5234375;3.5234375;3.5234375;1.96875;1.96875;3.5234375;3.5234375;1.96875;1.96875;3.5234375;3.5234375;3.5234375;3.5234375;1.0234375;3.5234375;3.5234375;3.5234375;3.5234375;3.5234375;1.96875;3.5234375;3.5234375;3.5234375;3.5234375;1.96875;3.5234375;1.96875;1.96875;3.5234375;1.96875;3.5234375;1.96875;3.5234375;3.5234375;3.5234375
20,BFS,explored,10.32,5.755770051773167,13;17;9;13;10;1;18;16;4;8;15;7;3;14;5;19;17;15;17;3;4;20;7;19;12;14;2;1;5;6;12;15;1;4;19;16;19;6;3;11;4;17;10;18;1;16;12;8;12;5;16;11;14;1;8;19;11;5;17;5;10;19;3;13;9;19;11;14;2;5;14;13;5;6;16;11;7;14;1;6;19;13;16;11;2;14;7;16;19;2;12;6;3;9;2;14;3;12;12;12
20,DFS,time,0.012054869876010343,0.005500682038814963,0.014948000170988962;0.00758500027586706;0.010710002243285999;0.011321000783937052;0.017852999008027837;0.003115997969871387;0.008064998837653548;0.01020900162984617;0.00407799961976707;0.01676199826761149;0.00768499739933759;0.009447998309042305;0.01959700239240192;0.007924998499220237;0.011411000741645694;0.008325998351210728;0.006591999408556148;0.011422001989558339;0.009917999705066904;0.02011800097534433;0.018564998754300177;0.007202997949207202;0.019988001440651715;0.007815000572009012;0.012833999790018424;0.00827499752631411;0.020318002498243004;0.002926000888692215;0.018714999896474183;0.004918998456560075;0.013174998457543552;0.012263000826351345;0.0028850008675362915;0.018465001630829647;0.010749998182291165;0.00630200156592764;0.010820000170497224;0.010548999853199348;0.003926998033421114;0.007293001544894651;0.01388600139762275;0.009838000551098958;0.009767998562892899;0.015289002476492897;0.0029559996619354934;0.016289999621221796;0.0074640011007431895;0.00959799945121631;0.005198999133426696;0.017222999304067343;0.0070829992182552814;0.015107998478924856;0.0072639995778445154;0.0029850016289856285;0.015328998415498063;0.007023001671768725;0.01286400220124051;0.017312999261775985;0.011060998076573014;0.01192299896501936;0.005180001608096063;0.014146997273201123;0.0342739986081142;0.0110910004877951;0.00540000110049732;0.00725399877410382;0.015238998457789421;0.010199000826105475;0.019497001630952582;0.016221001715166494;0.009176997991744429;0.014688001101603732;0.016941998183028772;0.01590000101714395;0.010900002962443978;0.012683998647844419;0.015518999134656042;0.012573000276461244;0.0030560004233848304;0.009739000233821571;0.009818999387789518;0.013044998922850937;0.006451999070122838;0.012434000382199883;0.0221820009755902;0.021359999664127827;0.01967699790839106;0.011952000932069495;0.01265399987460114;0.01981699824682437;0.0067830005718860775;0.01673099905019626;0.01883600270957686;0.01748300201143138;0.02007799776038155;0.0110910004877951;0.0190760001714807;0.012402997526805848;0.011852000170620158;0.011541997082531452
20,DFS,memory,2.134375,1.044385655952142,2.90625;0.90625;2.90625;2.90625;2.90625;0.28125;0.90625;2.90625;0.3125;2.90625;0.90625;2.90625;2.875;0.90625;2.90625;0.90625;0.90625;2.90625;0.90625;2.90625;2.90625;0.90625;2.90625;0.90625;2.90625;0.90625;2.90625;0.28125;2.90625;0.84375;2.90625;2.90625;0.28125;2.90625;2.90625;0.84375;2.90625;2.90625;0.3125;0.90625;2.90625;2.90625;0.90625;2.875;0.28125;2.90625;0.90625;0.90625;0.90625;2.90625;0.90625;2.90625;0.90625;0.28125;2.90625;0.90625;2.90625;2.90625;2.90625;2.90625;0.90625;2.90625;2.90625;2.90625;0.84375;0.90625;2.90625;2.90625;2.90625;2.90625;0.90625;2.90625;2.90625;2.90625;2.90625;2.90625;2.90625;2.90625;0.28125;0.90625;2.90625;2.90625;0.90625;2.90625;2.90625;0.90625;2.90625;2.90625;2.90625;2.90625;0.90625;2.90625;2.90625;2.90625;2.90625;2.90625;2.90625;2.90625;2.90625;2.90625
20,DFS,explored,9.88,5.860809748583459,13;5;7;9;18;1;5;7;2;14;5;6;19;5;8;6;3;9;8;19;18;4;19;5;11;6;20;1;18;2;12;10;1;18;8;4;8;8;2;4;12;6;8;14;1;15;4;7;2;17;4;14;4;1;14;4;11;17;9;9;2;13;19;9;2;4;15;7;20;17;7;14;17;16;9;11;15;11;1;8;7;11;3;11;20;10;19;10;9;20;3;16;19;16;20;8;19;10;10;9
20,Dijkstra,time,0.035438480008451734,0.01217889227849165,0.0448949976998847;0.040155999158741906;0.04191900006844662;0.052598999900510535;0.03127899981336668;0.013725999451708049;0.0535809995199088;0.04308099960326217;0.022882999473949894;0.0220909969357308;0.05672699990100227;0.032481999369338155;0.021310002921381965;0.05162699744687416;0.0350560003425926;0.0517980006407015;0.044112999603385106;0.027021000278182328;0.046056000428507105;0.03374399966560304;0.02159100040444173;0.05530400085262954;0.030417999369092286;0.05301000055624172;0.03670899968710728;0.03725100032170303;0.026749999960884452;0.013285000022733584;0.020568997570080683;0.025798999558901414;0.031880001188255847;0.04445399827091023;0.013175002095522359;0.027150999812874943;0.03458499850239605;0.02971600042656064;0.05161800072528422;0.03710999953909777;0.01461700230720453;0.050274000386707485;0.023974997020559385;0.041227998735848814;0.042850002500927076;0.049332997150486335;0.013825996575178578;0.05243900159257464;0.05009500091546215;0.026880999939749017;0.03821299833361991;0.028182999812997878;0.033944001188501716;0.03616799949668348;0.041197999962605536;0.012763997801812366;0.022692998754791915;0.05096600216347724;0.0335730001097545;0.03584800288081169;0.05284000144456513;0.044895001337863505;0.03175000165356323;0.04143800106248818;0.029876999178668484;0.04887199975200929;0.020458999642869458;0.04774999979417771;0.04422300116857514;0.06311900142463855;0.02603900065878406;0.02497700188541785;0.04289099888410419;0.04289099888410419;0.02599900108180009;0.027572001272346824;0.03156899765599519;0.023184002202469856;0.03648799975053407;0.04943300154991448;0.012863998563261703;0.04184900171821937;0.038923000829527155;0.037450001400429755;0.030276998586487025;0.022372001694748178;0.041699000576045364;0.046457000280497596;0.027982998290099204;0.04128699947614223;0.0510259997099638;0.026860001526074484;0.03919400114682503;0.01604999852133915;0.017782997019821778;0.030647999665234238;0.020408002455951646;0.03506600114633329;0.020419000065885484;0.03226099943276495;0.048189998778980225;0.052929000958101824
20,Dijkstra,memory,1.6065625,0.05,2.1015625;1.6015625;1.6015625;1.6015625;1.6015625;1.6015625;1.6015625;1.6015625;1.6015625;1.6015625;1.6015625;1.6015625;1.6015625;1.6015625;1.6015625;1.6015625;1.6015625;1.6015625;1.6015625;1.6015625;1.6015625;1.6015625;1.6015625;1.6015625;1.6015625;1.6015625;1.6015625;1.6015625;1.6015625;1.6015625;1.6015625;1.6015625;1.6015625;1.6015625;1.6015625;1.6015625;1.6015625;1.6015625;1.6015625;1.6015625;1.6015625;1.6015625;1.6015625;1.6015625;1.6015625;1.6015625;1.6015625;1.6015625;1.6015625;1.6015625;1.6015625;1.6015625;1.6015625;1.6015625;1.6015625;1.6015625;1.6015625;1.6015625;1.6015625;1.6015625;1.6015625;1.6015625;1.6015625;1.6015625;1.6015625;1.6015625;1.6015625;1.6015625;1.6015625;1.6015625;1.6015625;1.6015625;1.6015625;1.6015625;1.6015625;1.6015625;1.6015625;1.6015625;1.6015625;1.6015625;1.6015625;1.6015625;1.6015625;1.6015625;1.6015625;1.6015625;1.6015625;1.6015625;1.6015625;1.6015625;1.6015625;1.6015625;1.6015625;1.6015625;1.6015625;1.6015625;1.6015625;1.6015625;1.6015625;1.6015625
20,Dijkstra,explored,10.45,5.69134554753216,8;13;14;19;8;1;20;14;4;4;19;9;4;18;11;19;15;7;16;10;4;19;8;20;11;12;6;1;4;5;9;15;1;6;10;8;19;12;2;16;5;14;15;18;1;17;18;7;12;7;10;11;14;1;4;19;10;11;18;16;9;14;7;16;3;17;16;20;6;6;15;15;6;4;9;5;8;18;1;12;13;12;9;4;6;12;6;14;18;6;13;2;3;8;3;10;4;9;17;20
40,BFS,time,0.024607949999335688,0.008502484276086542,0.023274002160178497;0.02152099841623567;0.021260002540657297;0.018244998500449583;0.005189998773857951;0.013846001820638776;0.029355000151554123;0.02144000245607458;0.021300998923834413;0.033213000278919935;0.01966700074262917;0.02092899740091525;0.025888999516610056;0.02680000034160912;0.018644997908268124;0.031670002499595284;0.02168100036215037;0.016740999853936955;0.03285200000391342;0.03311199907329865;0.009417999535799026;0.032240001019090414;0.019707000319613144;0.023954999051056802;0.03540699981385842;0.027733000024454668;0.020228002540534362;0.031739000405650586;0.03888300125254318;0.038212001527426764;0.022352000087266788;0.012462998711271212;0.025368000933667645;0.01890500061563216;0.02028900053119287;0.022321997676044703;0.02910499824793078;0.03014699905179441;0.016431000403827056;0.03778099926421419;0.033522999729029834;0.01917599729495123;0.03170999843860045;0.0077450022217817605;0.020038001821376383;0.018694998288992792;0.010469000699231401;0.014206998457666487;0.03516600190778263;0.03562699930625968;0.0388429980375804;0.02318399856449105;0.015698999050073326;0.02379400029894896;0.005089001206215471;0.016690999473212287;0.026220001018373296;0.028903999918838963;0.01841500125010498;0.04031600110465661;0.03286200080765411;0.03158999970764853;0.03152899807901122;0.018614999135024846;0.02270299955853261;0.03345300137880258;0.020769002730958164;0.028042999474564567;0.03132900019409135;0.029756000003544614;0.027432000933913514;0.02660999962245114;0.009447998309042305;0.034754997614072636;0.017833997844718397;0.033522999729029834;0.03310200190753676;0.02201200186391361;0.030037001124583185;0.014187000488163903;0.03577800089260563;0.015158999303821474;0.024725999537622556;0.02258300082758069;0.02253200000268407;0.02609000148368068;0.01223299841512926;0.01178299862658605;0.021951000235276297;0.026760000764625147;0.02872400000342168;0.038832997233839706;0.012342999980319291;0.034755998058244586;0.034154003515141085;0.013916000170866027;0.04127799911657348;0.020839001081185415;0.03267099964432418;0.021269999706419185
40,BFS,memory,3.457890625,0.38254086650944213,3.5234375;3.5234375;3.5234375;3.5234375;1.0234375;3.5234375;3.5234375;3.5234375;3.5234375;3.5234375;3.5234375;3.5234375;3.5234375;3.5234375;3.5234375;3.5234375;3.5234375;3.5234375;3.5234375;3.5234375;3.5234375;3.5234375;3.5234375;3.5234375;3.5234375;3.5234375;3.5234375;3.5234375;3.5234375;3.5234375;3.5234375;3.5234375;3.5234375;3.5234375;3.5234375;3.5234375;3.5234375;3.5234375;3.5234375;3.5234375;3.5234375;3.5234375;3.5234375;1.96875;3.5234375;3.5234375;3.5234375;3.5234375;3.5234375;3.5234375;3.5234375;3.5234375;3.5234375;3.5234375;1.0234375;3.5234375;3.5234375;3.5234375;3.5234375;3.5234375;3.5234375;3.5234375;3.5234375;3.5234375;3.5234375;3.5234375;3.5234375;3.5234375;3.5234375;3.5234375;3.5234375;3.5234375;3.5234375;3.5234375;3.5234375;3.5234375;3.5234375;3.5234375;3.5234375;3.5234375;3.5234375;3.5234375;3.5234375;3.5234375;3.5234375;3.5234375;3.5234375;3.5234375;3.5234375;3.5234375;3.5234375;3.5234375;3.5234375;3.5234375;3.5234375;3.5234375;3.5234375;3.5234375;3.5234375;3.5234375
40,BFS,explored,20.9,10.481826504416436,18;17;16;13;1;8;27;16;18;31;17;18;24;23;12;30;15;12;32;30;4;33;14;21;38;24;11;28;37;38;18;6;18;14;16;17;25;27;11;39;32;14;30;3;16;13;4;9;35;37;39;19;9;13;1;10;23;22;13;38;33;27;30;12;18;32;16;26;29;28;26;23;3;34;12;32;32;17;27;3;37;10;24;19;20;25;6;6;18;24;24;37;6;33;34;7;39;15;33;16
40,DFS,time,0.02354648993787123,0.009700102276791878,0.02592899909359403;0.029095001082168892;0.03239099896745756;0.030636998417321593;0.0032959978852886707;0.03538599776220508;0.029816001188009977;0.028503000066848472;0.0327220004692208;0.021321000531315804;0.027933001547353342;0.014115998055785894;0.007434002327499911;0.026038997020805255;0.021620999177685007;0.02751200008788146;0.03158999970764853;0.02251299883937463;0.011041000107070431;0.01556899951538071;0.03968400051235221;0.016702000721124932;0.005820998921990395;0.03813199873548001;0.024607001250842586;0.017211998056154698;0.025467998057138175;0.022121002984931692;0.01101999805541709;0.024495999241480604;0.02755200330284424;0.03615799869294278;0.027171998226549476;0.028924998332513496;0.028442998882383108;0.02608900103950873;0.015810001059435308;0.01604100179974921;0.03166999886161648;0.02419500015093945;0.009777999366633594;0.017644000763539225;0.024816999939503148;0.04023599831270985;0.02535800012992695;0.03208999987691641;0.0378520016965922;0.03412500154809095;0.014908000594004989;0.008836999768391252;0.013013999705435708;0.027220998163102195;0.0357469980372116;0.03789100082940422;0.003306002327008173;0.034124001103919;0.006643000233452767;0.03436499900999479;0.0059710000641644;0.018804999854182824;0.012503998732427135;0.019487000827211887;0.010109000868396834;0.02843300171662122;0.021510000806301832;0.011010997695848346;0.029495000489987433;0.010510000720387325;0.013796001439914107;0.018094000552082434;0.019757000700337812;0.01763299951562658;0.03929400190827437;0.009488001524005085;0.03199999991920777;0.03246100095566362;0.021670999558409676;0.02827299977070652;0.018615002773003653;0.039143997128121555;0.02099899938912131;0.03816199750872329;0.008926999726099893;0.014377001207321882;0.0169019986060448;0.030016999517101794;0.0365189989679493;0.030166997021296993;0.029214999813120812;0.016111000149976462;0.022312000510282815;0.016201000107685104;0.037550998968072236;0.03227100023650564;0.014838002243777737;0.03681000089272857;0.020960000256309286;0.02957600008812733;0.016411002434324473;0.028523998480523005
40,DFS,memory,2.8203125,0.5046026907116973,2.90625;2.90625;2.90625;2.96875;0.28125;2.96875;2.90625;2.90625;2.90625;2.90625;2.96875;2.90625;2.96875;2.90625;2.90625;2.90625;2.96875;2.90625;2.96875;2.96875;2.90625;2.96875;0.90625;2.90625;2.90625;2.96875;2.90625;2.90625;2.90625;2.96875;2.96875;2.96875;2.96875;2.96875;2.96875;2.96875;2.90625;2.96875;2.90625;2.96875;2.96875;2.90625;2.96875;2.90625;2.90625;2.96875;2.90625;2.90625;2.90625;2.96875;2.96875;2.90625;2.96875;2.90625;0.28125;2.90625;0.90625;2.9375;0.90625;2.96875;2.96875;2.90625;2.96875;2.90625;2.90625;2.90625;2.96875;2.90625;2.96875;2.96875;2.90625;2.90625;2.90625;2.96875;2.90625;2.90625;2.96875;2.96875;2.90625;2.90625;2.96875;2.96875;2.90625;2.90625;2.90625;2.90625;2.96875;2.90625;2.90625;2.96875;2.96875;2.90625;2.96875;2.90625;2.90625;2.90625;2.90625;2.96875;2.96875;2.96875
40,DFS,explored,20.33,11.006935371057025,21;27;29;29;1;34;29;26;33;18;25;10;2;22;18;26;27;21;5;10;38;13;2;37;25;12;23;19;4;22;24;36;24;28;26;25;11;12;31;22;4;14;22;39;22;29;38;33;11;3;8;24;33;36;1;32;3;31;2;13;8;16;5;27;18;5;26;5;8;12;16;14;39;4;31;30;19;25;13;39;18;32;4;9;12;30;36;29;27;11;19;11;36;30;9;35;15;27;12;26
40,Dijkstra,time,0.07129260011424776,0.02560057032000487,0.08559100024285726;0.0825850002001971;0.11211200035177171;0.05368100028135814;0.019767001504078507;0.04403300044941716;0.08940799671108834;0.0624269996478688;0.0652230010018684;0.11548800102900714;0.05111599966767244;0.060843998653581366;0.043211002775933594;0.0557550010853447;0.11553700096555986;0.07473100049537607;0.048500998673262075;0.09006000254885294;0.1022729993565008;0.08736399831832387;0.050034002924803644;0.08115299715427682;0.04379300298751332;0.05272899943520315;0.07974099935381673;0.12005600001430139;0.05298000178299844;0.08724399958737195;0.10477699834154919;0.07924899909994565;0.03850299981422722;0.04010499833384529;0.02943599974969402;0.06149599721538834;0.06910999945830554;0.05313099973136559;0.07228700269479305;0.07456100138369948;0.0573880024603568;0.10905500312219374;0.103524998849025;0.06696600030409172;0.07014199945842847;0.04663800064008683;0.09415800013812259;0.06761699842172675;0.04917299884255044;0.0423400015279185;0.061316000937949866;0.10640999971656129;0.095519997557858;0.07174499842221849;0.05476300066220574;0.09588000102667138;0.019495997548801824;0.037881000025663525;0.07364900011452846;0.08660300227347761;0.05208799848333001;0.06978099918342195;0.08271600017906167;0.09190299897454679;0.0952990012592636;0.10082999870064668;0.07262700091814622;0.07621400072821416;0.04426300074555911;0.07595300121465698;0.1060899994627107;0.08750499910092913;0.07540200022049248;0.10729199857451022;0.02372499875491485;0.10685099914553575;0.04556600106297992;0.07112399907782674;0.09804500223253854;0.07963000098243356;0.0998779978544917;0.03856200055452064;0.08946799789555371;0.04961300146533176;0.0721260003047064;0.10874500003410503;0.07725599789409898;0.04329200237407349;0.040226001146947965;0.0683190010022372;0.037740999687230214;0.14398200073628686;0.09320500248577446;0.07154400009312667;0.05973300358164124;0.05732800127589144;0.06639600178459659;0.04370299939182587;0.1019020019157324;0.031107996619539335;0.08089299808489159;0.030979001166997477
40,Dijkstra,memory,2.93265625,0.1078125,4.0;2.921875;2.921875;2.921875;2.921875;2.921875;2.921875;2.921875;2.921875;2.921875;2.921875;2.921875;2.921875;2.921875;2.921875;2.921875;2.921875;2.921875;2.921875;2.921875;2.921875;2.921875;2.921875;2.921875;2.921875;2.921875;2.921875;2.921875;2.921875;2.921875;2.921875;2.921875;2.921875;2.921875;2.921875;2.921875;2.921875;2.921875;2.921875;2.921875;2.921875;2.921875;2.921875;2.921875;2.921875;2.921875;2.921875;2.921875;2.921875;2.921875;2.921875;2.921875;2.921875;2.921875;2.921875;2.921875;2.921875;2.921875;2.921875;2.921875;2.921875;2.921875;2.921875;2.921875;2.921875;2.921875;2.921875;2.921875;2.921875;2.921875;2.921875;2.921875;2.921875;2.921875;2.921875;2.921875;2.921875;2.921875;2.921875;2.921875;2.921875;2.921875;2.921875;2.921875;2.921875;2.921875;2.921875;2.921875;2.921875;2.921875;2.921875;2.921875;2.921875;2.921875;2.921875;2.921875;2.921875;2.921875;2.921875;2.921875
40,Dijkstra,explored,20.04,10.922981056081492,18;25;38;13;1;7;29;16;19;39;12;17;8;13;40;20;10;27;35;27;10;28;8;12;26;28;11;28;33;24;5;7;3;16;20;12;21;22;15;39;36;19;20;9;32;18;8;8;13;39;32;20;12;31;1;5;11;27;12;19;27;19;29;35;19;24;6;25;37;29;24;37;2;38;9;21;34;22;33;6;32;11;24;37;24;7;7;18;6;34;31;20;15;14;19;7;35;4;26;3
80,BFS,time,0.06086008041165769,0.030723334006032672,0.06611400021938607;0.06344900248222984;0.03577800089260563;0.02687100277398713;0.09383699944010004;0.03082799958065152;0.0405569990107324;0.08244499986176379;0.06069400114938617;0.06379000114975497;0.0880959996720776;0.09104099808610044;0.029114999051671475;0.02646999928401783;0.0726670004951302;0.008005001291166991;0.05680699905497022;0.07495099998777732;0.08091199924820103;0.07030300184851512;0.04813100167666562;0.02301299900864251;0.08581099973525852;0.09660199793870561;0.08096300007309765;0.012143002095399424;0.06392000068444759;0.02713100184337236;0.046478002332150936;0.053381001634988934;0.07693500083405524;0.006252001185202971;0.06185600068420172;0.06934100019861944;0.052438997954595834;0.07484099842258729;0.04493500091484748;0.09101099931285717;0.09598100223229267;0.04151800021645613;0.06405099702533334;0.02102000144077465;0.04117800199310295;0.09764399874256924;0.020870000298600644;0.020417999621713534;0.094828999863239;0.0849210009619128;0.09882599988486618;0.038923000829527155;0.08763499863562174;0.09301500176661648;0.03293200279586017;0.05206900095799938;0.028022997867083177;0.04306100163375959;0.05363099990063347;0.14893100160406902;0.12579699978232384;0.045085002057021484;0.09388699982082471;0.061935999838169664;0.03716999708558433;0.08841599992592819;0.05687700104317628;0.10356500206398778;0.03198999911546707;0.08169400098267943;0.07192499833763577;0.04967299901181832;0.048261001211358234;0.07242699939524755;0.07520200233557262;0.0332730014633853;0.04674800220527686;0.08442900070804171;0.08421900201938115;0.05330100248102099;0.024666998797329143;0.054893000196898356;0.026650999643607065;0.05018500087317079;0.010249001206830144;0.030777999199926853;0.02628000220283866;0.0904300031834282;0.01052000152412802;0.07235600060084835;0.15621399870724417;0.0980949989752844;0.03247100175940432;0.037591002183035016;0.09531899922876619;0.09626099927118048;0.024685999960638583;0.10414600183139555;0.10554899927228689;0.016951998986769468;0.06795800072723068;0.0704930025676731
80,BFS,memory,10.9371875,2.228893654957652,11.5390625;11.5390625;11.5390625;11.5390625;11.5390625;11.5390625;11.5390625;11.5390625;11.5390625;11.5390625;11.5390625;11.5390625;11.5390625;11.5390625;11.5390625;1.0234375;11.5390625;11.5390625;11.5390625;11.5390625;11.5390625;11.5390625;11.5390625;11.5390625;11.5390625;3.5234375;11.5390625;11.5390625;11.5390625;11.5390625;11.5390625;1.0234375;11.5390625;11.5390625;11.5390625;11.5390625;11.5390625;11.5390625;11.5390625;11.5390625;11.5390625;11.5390625;11.5390625;11.5390625;3.984375;11.5390625;11.5390625;11.5390625;11.5390625;11.5390625;11.5390625;11.5390625;11.5390625;11.5390625;11.5390625;11.5390625;11.5390625;11.5390625;11.5390625;11.5390625;11.5390625;11.5390625;11.5390625;11.5390625;11.5390625;11.5390625;11.5390625;11.5390625;11.5390625;11.5390625;11.5390625;11.5390625;11.5390625;11.5390625;11.5390625;11.5390625;11.5390625;11.5390625;11.5390625;11.5390625;11.5390625;11.5390625;3.5234375;11.5390625;11.5390625;11.5390625;3.5234375;11.5390625;11.5390625;11.5390625;11.5390625;11.5390625;11.5390625;11.5390625;11.5390625;11.5390625;11.5390625;3.984375;11.5390625;11.5390625
80,BFS,explored,41.57,24.219640998598845,45;43;22;15;73;18;25;66;47;49;75;72;17;13;60;1;37;53;65;55;33;9;73;78;60;2;41;13;31;39;61;1;45;49;36;58;32;74;76;27;49;9;25;76;6;7;76;69;78;22;70;75;15;31;13;27;32;75;77;18;72;41;21;59;40;74;18;63;52;33;31;56;58;19;31;52;61;35;12;32;12;33;2;19;13;71;2;36;64;71;17;21;58;73;11;79;75;5;49;47
80,DFS,time,0.05635006011289079,0.02734292474866962,0.05393100218498148;0.07714500316069461;0.08957899990491569;0.08417800199822523;0.08582100053899921;0.04344199987826869;0.025608002033550292;0.01914600215968676;0.052548999519785866;0.02364400279475376;0.03068799924221821;0.046768000174779445;0.08199399962904863;0.11162000009790063;0.07251600254676305;0.003716999344760552;0.05813000097987242;0.029194998205639422;0.03751099939108826;0.014927998563507572;0.06469200161518529;0.09711299935588613;0.04887199975200929;0.04318200080888346;0.04965299740433693;0.10299399946234189;0.052127998060313985;0.08480899850837886;0.039374001062242314;0.05593599780695513;0.032902000384638086;0.003406999894650653;0.07659400216653012;0.04679799894802272;0.06066400237614289;0.04855099905398674;0.06530300015583634;0.054301999625749886;0.04421300036483444;0.06856999971205369;0.03499599915812723;0.08826599878375418;0.07308800195460208;0.015027999324956909;0.09157300155493431;0.10556900087976828;0.023734999558655545;0.02185199991799891;0.0293849989247974;0.08155300020007417;0.03795199882006273;0.03681000089272857;0.035516997741069645;0.09186299939756282;0.08877800064510666;0.07015200026216917;0.03460500010987744;0.031168001441983506;0.03238099816371687;0.084530001913663;0.036839999665971845;0.05639600203721784;0.08147300104610622;0.06768700040993281;0.0662950005789753;0.014637000276707113;0.07954000102472492;0.04256999818608165;0.03889399886247702;0.06461099837906659;0.06976100121391937;0.05694699939340353;0.020008003048133105;0.08501999764121138;0.07285700121428818;0.06599400148843415;0.02462599877617322;0.05281999983708374;0.08647299910080619;0.07008199827396311;0.09383699944010004;0.05658699956256896;0.10146199929295108;0.07869799810578115;0.006633003067690879;0.04881200220552273;0.11490700126159936;0.029114999051671475;0.09655200119595975;0.017162001313408837;0.08642300235806033;0.08029200034798123;0.054662999900756404;0.05604599937214516;0.00609099879511632;0.049704001867212355;0.03137899693683721;0.10491799912415445;0.03078800000366755;0.046437999117188156
80,DFS,memory,10.1475,2.503162772101799,10.875;10.875;10.875;10.875;10.875;10.875;10.875;10.875;10.875;10.875;10.875;10.875;10.875;10.875;10.875;0.28125;10.875;10.875;10.875;2.96875;10.875;10.875;10.875;10.875;10.875;10.875;10.875;10.875;10.875;10.875;10.875;0.28125;10.875;10.875;10.875;10.875;10.875;10.875;10.875;10.875;10.875;10.875;10.875;2.96875;10.875;10.875;10.875;10.875;10.875;10.875;10.875;10.875;10.875;10.875;10.875;10.875;10.875;10.875;10.875;10.875;10.875;10.875;10.875;10.875;10.875;2.96875;10.875;10.875;10.875;10.875;10.875;10.875;10.875;10.875;10.875;10.875;10.875;10.875;10.875;10.875;10.875;10.875;10.875;10.875;0.90625;10.875;10.875;10.875;10.875;2.96875;10.875;10.875;10.875;10.875;0.90625;10.875;10.875;10.875;10.875;10.875
80,DFS,explored,39.67,22.139162704414215,37;54;60;67;67;30;13;8;35;12;20;33;65;69;60;1;45;20;25;6;49;73;38;31;32;80;38;69;28;43;21;1;63;30;44;35;49;39;30;55;24;73;57;4;76;75;12;11;19;60;26;24;23;51;69;55;21;17;18;64;25;41;61;47;46;4;61;28;28;49;51;41;8;63;51;50;14;38;70;50;70;42;80;60;2;31;80;16;36;5;65;61;34;29;2;32;16;77;19;30
80,Dijkstra,time,0.1558413299062522,0.06717486811631168,0.10738200217019767;0.18043000090983696;0.12416399840731174;0.05783900269307196;0.26856600015889853;0.22079599875723943;0.19781199807766825;0.2566639996075537;0.06924999979673885;0.1505129985162057;0.20084900097572245;0.07714499952271581;0.10943599772872403;0.07985100091900676;0.23112499911803752;0.03310300235170871;0.0735890025680419;0.19749199782381766;0.2186619967687875;0.1809109999157954;0.052648996643256396;0.14084500071476214;0.2042539999820292;0.13475300147547387;0.20556799790938385;0.145464000524953;0.20040799790876918;0.08419799996772781;0.18907599951489829;0.05237799996393733;0.24638399918330833;0.03624800228863023;0.10272399958921596;0.23853899983805604;0.22958300178288482;0.16974999743979424;0.2171890009776689;0.1740180014166981;0.14115600060904399;0.1725549991533626;0.18152199845644645;0.13169799785828218;0.10517800183151849;0.16634399798931554;0.07385899880318902;0.07967100100358948;0.17862700042314827;0.19788300051004626;0.11966599777224474;0.07957999696373008;0.19716200040420517;0.257756000792142;0.08858699948177673;0.09487900024396367;0.0484609990962781;0.12168899775133468;0.22599599833483808;0.2613720025692601;0.21776100038550794;0.09698300345917232;0.24523300089640543;0.12154900105088018;0.12864200107287616;0.25377799829584546;0.2681050027604215;0.19192200124962255;0.27035900347982533;0.1710719989205245;0.21971399837639183;0.12448499910533428;0.058379999245516956;0.16830700042191893;0.22709800032316707;0.11067800005548634;0.10579900117591023;0.20475600103964098;0.23145599698182195;0.15864899978623725;0.07197599916253239;0.054211999668041244;0.10859499889193103;0.15930999870761298;0.09964800119632855;0.2511530001356732;0.08191400047508068;0.19424600031925365;0.09523900007479824;0.13411300096777268;0.2600600018922705;0.2486890007276088;0.09953799963113852;0.06031399971107021;0.1723140012472868;0.11938499665120617;0.037369998608483;0.23489199884352274;0.2078420002362691;0.1245439998456277;0.2417960022285115;0.16900899936445057
80,Dijkstra,memory,5.61015625,0.2421875,8.0078125;5.5859375;5.5859375;5.5859375;5.5859375;5.5859375;5.5859375;5.5859375;5.5859375;5.5859375;5.5859375;5.5859375;5.5859375;5.5859375;5.5859375;5.5859375;5.5859375;5.5859375;5.5859375;5.5859375;5.5859375;5.5859375;5.5859375;5.5859375;5.5859375;5.5859375;5.5859375;5.5859375;5.5859375;5.5859375;5.5859375;5.5859375;5.5859375;5.5859375;5.5859375;5.5859375;5.5859375;5.5859375;5.5859375;5.5859375;5.5859375;5.5859375;5.5859375;5.5859375;5.5859375;5.5859375;5.5859375;5.5859375;5.5859375;5.5859375;5.5859375;5.5859375;5.5859375;5.5859375;5.5859375;5.5859375;5.5859375;5.5859375;5.5859375;5.5859375;5.5859375;5.5859375;5.5859375;5.5859375;5.5859375;5.5859375;5.5859375;5.5859375;5.5859375;5.5859375;5.5859375;5.5859375;5.5859375;5.5859375;5.5859375;5.5859375;5.5859375;5.5859375;5.5859375;5.5859375;5.5859375;5.5859375;5.5859375;5.5859375;5.5859375;5.5859375;5.5859375;5.5859375;5.5859375;5.5859375;5.5859375;5.5859375;5.5859375;5.5859375;5.5859375;5.5859375;5.5859375;5.5859375;5.5859375;5.5859375
80,Dijkstra,explored,38.17,23.94862135168671,8;48;26;4;80;41;53;77;7;39;60;11;23;11;68;1;7;55;61;49;3;31;60;17;56;35;55;8;52;3;73;1;20;66;66;45;63;47;38;43;50;33;20;44;8;11;47;56;25;8;54;77;12;13;2;27;65;74;58;11;73;28;29;72;78;51;80;47;60;28;4;46;66;23;22;57;67;41;6;3;22;42;19;69;13;54;18;31;36;72;19;5;44;25;2;65;56;26;70;42
160,BFS,time,0.16474337986437604,0.07946084296718496,0.19315399913466536;0.16205499923671596;0.0760629991418682;0.15009300113888457;0.09696300185169093;0.20793200019397773;0.208073000976583;0.1518560020485893;0.12465499821701087;0.28966600075364113;0.09158199827652425;0.21491500228876248;0.192481998965377;0.03369399928487837;0.2930019982159138;0.2715009977691807;0.09522899927105755;0.07015200026216917;0.2735859998210799;0.30573600088246167;0.282010998489568;0.059902999055339023;0.2867799994419329;0.19080899801338091;0.1452939977752976;0.2293720026500523;0.07360899689956568;0.12743000115733594;0.22011499822838232;0.20305200087022968;0.2792060004139785;0.04476500180317089;0.0721159995009657;0.0891679992491845;0.09261499872081913;0.17339700207230635;0.11401500159990974;0.12564599819597788;0.1140749991463963;0.24753700199653395;0.11455600179033354;0.27909599884878844;0.23041399981593713;0.08814600005280226;0.19467699894448742;0.11837299825856462;0.15550299940514378;0.07542199818999507;0.2764309974736534;0.22936200184631161;0.21457399998325855;0.10194200149271637;0.18350599930272438;0.2860489985323511;0.2678040000319015;0.09903599857352674;0.15013299707788974;0.1890660023491364;0.13467400276567787;0.08876699939719401;0.08171399895218201;0.12992499978281558;0.26707299912231974;0.14062499758438207;0.2348220004932955;0.032861997169675305;0.09393700020154938;0.13946199760539457;0.2771819999907166;0.07205600195447914;0.04339199949754402;0.2376079974055756;0.11923500278498977;0.1105780029320158;0.24932899759733118;0.23929099916131236;0.11460600217105821;0.09611100176698528;0.07178500163718127;0.27584000054048374;0.07123399700503796;0.27072000011685304;0.17879700317280367;0.06617399776587263;0.2791860024444759;0.05892099943594076;0.25873800041154027;0.09077099821297452;0.22607600112678483;0.19401500321691856;0.05659599992213771;0.20389400015119463;0.0948390006669797;0.2359749996685423;0.09957799920812249;0.24996099818963557;0.27504800164024346;0.2290920019731857;0.058499997976468876;0.09795499863685109
160,BFS,memory,11.5390625,0.0,11.5390625;11.5390625;11.5390625;11.5390625;11.5390625;11.5390625;11.5390625;11.5390625;11.5390625;11.5390625;11.5390625;11.5390625;11.5390625;11.5390625;11.5390625;11.5390625;11.5390625;11.5390625;11.5390625;11.5390625;11.5390625;11.5390625;11.5390625;11.5390625;11.5390625;11.5390625;11.5390625;11.5390625;11.5390625;11.5390625;11.5390625;11.5390625;11.5390625;11.5390625;11.5390625;11.5390625;11.5390625;11.5390625;11.5390625;11.5390625;11.5390625;11.5390625;11.5390625;11.5390625;11.5390625;11.5390625;11.5390625;11.5390625;11.5390625;11.5390625;11.5390625;11.5390625;11.5390625;11.5390625;11.5390625;11.5390625;11.5390625;11.5390625;11.5390625;11.5390625;11.5390625;11.5390625;11.5390625;11.5390625;11.5390625;11.5390625;11.5390625;11.5390625;11.5390625;11.5390625;11.5390625;11.5390625;11.5390625;11.5390625;11.5390625;11.5390625;11.5390625;11.5390625;11.5390625;11.5390625;11.5390625;11.5390625;11.5390625;11.5390625;11.5390625;11.5390625;11.5390625;11.5390625;11.5390625;11.5390625;11.5390625;11.5390625;11.5390625;11.5390625;11.5390625;11.5390625;11.5390625;11.5390625;11.5390625;11.5390625
160,BFS,explored,84.76,46.624249120608965,83;71;25;69;42;101;109;76;59;152;40;114;95;8;151;138;41;30;142;156;148;17;152;101;72;129;30;68;121;115;160;16;34;47;43;96;57;68;59;140;56;153;132;42;97;57;78;29;156;123;123;52;103;160;142;45;77;95;69;43;36;64;150;69;120;5;46;78;140;29;16;127;62;39;138;134;59;47;20;154;34;149;100;26;149;28;135;47;120;91;23;113;41;134;47;143;154;127;25;50
160,DFS,time,0.15038598998216912,0.07619624354784155,0.02120999852195382;0.05770799907622859;0.262794997979654;0.1939550020324532;0.23289900127565488;0.12174899893580005;0.10021900015999563;0.16897800014703535;0.06701599704683758;0.14686700160382316;0.24530199880246073;0.09253399912267923;0.053499999921768904;0.28706099692499265;0.11671999891404994;0.09750300159794278;0.2442799996060785;0.26875699768424965;0.11500600157887675;0.14473299961537123;0.17294599820161238;0.27576899810810573;0.13127800048096105;0.05399200017563999;0.1236729985976126;0.16657299784128554;0.26110199905815534;0.12138899910496548;0.044473999878391623;0.17937799930223264;0.05425199924502522;0.26286499996786006;0.11378400085959584;0.22372200328391045;0.21145800201338716;0.08108300244202837;0.04913299926556647;0.17545000082463957;0.04975300180376507;0.13271999705466442;0.20128899996052496;0.10956600090139546;0.1696800027275458;0.2088430010189768;0.0626680011919234;0.1941660011652857;0.12526600039564073;0.18380700203124434;0.06138599928817712;0.13023499923292547;0.06765799844288267;0.04527500277617946;0.05692700142390095;0.10557900168350898;0.14682699838886037;0.23514300119131804;0.08813599924906157;0.2252849990327377;0.17854599718702957;0.20915400091325864;0.24403000134043396;0.16123400200740434;0.20009700165246613;0.1881850002973806;0.08054199861362576;0.2915299992309883;0.21547600044868886;0.19458599854260683;0.06858000051579438;0.2438990013615694;0.2584169997135177;0.03424399983487092;0.06381000275723636;0.2345120010431856;0.06114500138210133;0.07138399814721197;0.18991799879586324;0.21216899767750874;0.25239599926862866;0.24535299962735735;0.24584299899288453;0.0825950010039378;0.08253499981947243;0.2490900005795993;0.09364699872094207;0.23764800062053837;0.06380999911925755;0.202311002794886;0.08529000115231611;0.08130299829645082;0.2730350024648942;0.10711199865909293;0.1125819981098175;0.03377399843884632;0.21250999998301268;0.04626699956133962;0.062456998421112075;0.10621999899740331;0.23995200172066689;0.18008900224231184
160,DFS,memory,10.875,0.0,10.875;10.875;10.875;10.875;10.875;10.875;10.875;10.875;10.875;10.875;10.875;10.875;10.875;10.875;10.875;10.875;10.875;10.875;10.875;10.875;10.875;10.875;10.875;10.875;10.875;10.875;10.875;10.875;10.875;10.875;10.875;10.875;10.875;10.875;10.875;10.875;10.875;10.875;10.875;10.875;10.875;10.875;10.875;10.875;10.875;10.875;10.875;10.875;10.875;10.875;10.875;10.875;10.875;10.875;10.875;10.875;10.875;10.875;10.875;10.875;10.875;10.875;10.875;10.875;10.875;10.875;10.875;10.875;10.875;10.875;10.875;10.875;10.875;10.875;10.875;10.875;10.875;10.875;10.875;10.875;10.875;10.875;10.875;10.875;10.875;10.875;10.875;10.875;10.875;10.875;10.875;10.875;10.875;10.875;10.875;10.875;10.875;10.875;10.875;10.875
160,DFS,explored,76.66,43.59854042594462,4;22;137;93;120;56;46;86;29;72;122;46;22;154;50;39;121;132;50;68;83;145;63;20;60;87;132;64;15;97;26;146;55;115;119;36;19;94;20;67;108;54;88;120;32;105;65;106;26;67;28;17;26;54;75;117;41;122;91;119;126;90;98;93;36;157;116;99;32;133;146;12;27;123;25;29;103;115;142;136;128;40;39;136;47;134;29;115;29;37;139;54;56;11;115;18;25;54;137;92
160,Dijkstra,time,0.4362661096092779,0.18940802619111433,0.6451349981944077;0.7003699975030031;0.220314999751281;0.32754699714132585;0.4995720009901561;0.7192759985628072;0.6863329981570132;0.2607610003906302;0.6186350001371466;0.35973800186184235;0.25943899890989996;0.48928199976217;0.6088480004109442;0.15536299906671047;0.5455579994304571;0.5605670012300834;0.18039999849861488;0.195648997760145;0.598066999373259;0.567750001209788;0.3772210002352949;0.33914899904630147;0.5322129982232582;0.41698600034578703;0.36934599847882055;0.5084779986646026;0.23054399935062975;0.6596429993805941;0.6775069996365346;0.14111600103206;0.7056590002321173;0.210706999496324;0.1823130005504936;0.32994199864333495;0.2750089988694526;0.7121220005501527;0.6933069998922292;0.3570320004655514;0.588268998399144;0.6159109980217181;0.43888700020033866;0.7135140003811102;0.429038998845499;0.24872799986042082;0.7199259998742491;0.48612599857733585;0.2987929983646609;0.25705399821163155;0.2673439994396176;0.5734410005970858;0.7298160016944166;0.3754379977181088;0.35770400063483976;0.45337399933487177;0.5002729994885158;0.23267800133908167;0.5335150017344858;0.40210800216300413;0.6842699986009393;0.39568599822814576;0.3655990003608167;0.4652169991459232;0.28248200032976456;0.14783899678150192;0.5507069981831592;0.2510029989934992;0.24067300182650797;0.4053839984408114;0.5876069990335964;0.22871100009069778;0.4216050001559779;0.752418000047328;0.42453000060049817;0.20221099839545786;0.5008230000385083;0.3779920007218607;0.2926009983639233;0.2491489976819139;0.18598999668029137;0.5149110002093948;0.15364900173153728;0.633985000604298;0.7060409989207983;0.18848499894374982;0.529357999766944;0.18675200044526719;0.6657849990006071;0.11685999925248325;0.6750520005880389;0.7648909995623399;0.14767799802939408;0.4913260017929133;0.6013929996697698;0.26878700009547174;0.19039900143980049;0.7124320000002626;0.6056919992261101;0.48125700050150044;0.182945001142798;0.6575990009878296
160,Dijkstra,memory,12.82921875,0.3234375,16.03125;12.796875;12.796875;12.796875;12.796875;12.796875;12.796875;12.796875;12.796875;12.796875;12.796875;12.796875;12.796875;12.796875;12.796875;12.796875;12.796875;12.796875;12.796875;12.796875;12.796875;12.796875;12.796875;12.796875;12.796875;12.796875;12.796875;12.796875;12.796875;12.796875;12.796875;12.796875;12.796875;12.796875;12.796875;12.796875;12.796875;12.796875;12.796875;12.796875;12.796875;12.796875;12.796875;12.796875;12.796875;12.796875;12.796875;12.796875;12.796875;12.796875;12.796875;12.796875;12.796875;12.796875;12.796875;12.796875;12.796875;12.796875;12.796875;12.796875;12.796875;12.796875;12.796875;12.796875;12.796875;12.796875;12.796875;12.796875;12.796875;12.796875;12.796875;12.796875;12.796875;12.796875;12.796875;12.796875;12.796875;12.796875;12.796875;12.796875;12.796875;12.796875;12.796875;12.796875;12.796875;12.796875;12.796875;12.796875;12.796875;12.796875;12.796875;12.796875;12.796875;12.796875;12.796875;12.796875;12.796875;12.796875;12.796875;12.796875
160,Dijkstra,explored,80.76,47.43695869788714,106;138;21;52;96;141;137;35;122;63;31;92;115;10;107;110;13;20;119;111;67;56;106;81;63;99;30;145;141;7;156;25;20;59;37;152;150;65;121;129;83;157;83;37;156;90;48;34;37;116;160;65;67;78;92;29;97;71;137;73;55;91;43;8;110;35;32;80;117;27;81;160;82;22;96;70;47;34;19;104;9;134;152;21;101;20;139;4;147;160;8;96;122;41;19;153;122;96;20;141
320,BFS,time,0.560600299941143,0.2711099656761724,0.135927002702374;0.4157529983785935;0.6315099999483209;0.8128820009005722;0.6613860023207963;0.8287320015369914;0.33429999893996865;0.7700609967287164;0.2858789994206745;1.104771999962395;0.5455979990074411;0.36064999949303456;0.9026709994941484;0.5617690003418829;0.526541996805463;0.9285699998144992;0.5379829999583308;0.5444759990496095;0.7681679999222979;0.19668100139824674;0.5289459986670408;0.5127460026415065;0.02713200228754431;0.6300070017459802;0.8240030001616105;0.933418999920832;0.4798840018338524;1.068022997060325;0.6596130006073508;0.4769379993376788;0.03464499968686141;0.9064789992407896;0.42619300074875355;0.10892499994952232;0.9720509988255799;0.19859399981214665;0.6065529996703845;0.4422630008775741;0.14361099965753965;0.7065520003379788;0.9373959983349778;0.7730569996056147;0.6070139970688615;0.5388050012697931;0.6605149974348024;0.7622060002177022;0.7820639984856825;0.4233779982314445;0.285668000287842;0.789207002526382;0.3826710017165169;0.5937290006841067;0.1553330002934672;0.9151640006166417;0.9171189994958695;0.537934000021778;0.33336799970129505;0.8761310018599033;0.7261179998749867;0.7469369993486907;0.33659399923635647;0.1861710006778594;0.3115270010312088;0.21662800281774253;0.6064029985282104;0.13512499936041422;0.4531339982349891;0.5886790022486821;0.3489779992378317;0.824673999886727;0.2587279996077996;0.37025799974799156;0.05536499884328805;0.3568319989426527;0.1775150012690574;0.6066030000511091;0.3970990001107566;0.6396950011549052;0.8897170009731781;0.801950998720713;0.34025100103463046;0.3283789992565289;0.6437429983634502;0.707002000126522;0.9641270007705316;0.38132800182211213;0.3444190006121062;1.0489460000826512;0.9945339988917112;0.23678599973209202;0.9538279991829768;0.763549000112107;0.9483169997110963;0.35025999750359915;0.5508270005520899;0.5818270001327619;0.9067680002772249;0.2979620003316086;0.49715600107447244;0.3736439975909889
320,BFS,memory,42.455,4.438812325955764,43.0859375;43.0859375;43.0859375;43.0859375;43.0859375;43.0859375;43.0859375;43.0859375;43.0859375;43.0859375;43.0859375;43.0859375;43.0859375;43.0859375;43.0859375;43.0859375;43.0859375;43.0859375;43.0859375;43.0859375;43.0859375;43.0859375;11.5390625;43.0859375;43.0859375;43.0859375;43.0859375;43.0859375;43.0859375;43.0859375;11.5390625;43.0859375;43.0859375;43.0859375;43.0859375;43.0859375;43.0859375;43.0859375;43.0859375;43.0859375;43.0859375;43.0859375;43.0859375;43.0859375;43.0859375;43.0859375;43.0859375;43.0859375;43.0859375;43.0859375;43.0859375;43.0859375;43.0859375;43.0859375;43.0859375;43.0859375;43.0859375;43.0859375;43.0859375;43.0859375;43.0859375;43.0859375;43.0859375;43.0859375;43.0859375;43.0859375;43.0859375;43.0859375;43.0859375;43.0859375;43.0859375;43.0859375;43.0859375;43.0859375;43.0859375;43.0859375;43.0859375;43.0859375;43.0859375;43.0859375;43.0859375;43.0859375;43.0859375;43.0859375;43.0859375;43.0859375;43.0859375;43.0859375;43.0859375;43.0859375;43.0859375;43.0859375;43.0859375;43.0859375;43.0859375;43.0859375;43.0859375;43.0859375;43.0859375;43.0859375
320,BFS,explored,165.71,83.51377978598151,25;116;178;243;194;252;98;238;84;300;156;113;283;179;165;285;169;165;241;49;161;150;4;183;266;277;143;304;181;132;3;278;122;26;275;57;179;127;35;212;270;244;180;150;185;234;243;127;83;238;111;171;41;280;277;165;94;261;222;221;98;51;92;54;187;32;135;177;94;250;75;106;7;99;47;182;111;203;283;243;105;94;179;210;294;115;99;310;300;59;271;223;284;105;152;169;280;87;159;105
320,DFS,time,0.5231822299901978,0.2843651842893617,1.0563210016698577;0.6997689997660927;0.06260800000745803;0.15577399972244166;0.3041729978576768;0.6094790005590767;0.7384009986708406;0.3604889971029479;0.8102069987216964;0.4026789974886924;0.2912479976657778;0.6941280007595196;0.03880299846059643;0.17315600052825175;0.4681130012613721;0.8571050020691473;0.22020499818609096;0.6645719986408949;0.23144599981606007;0.9477960011281539;0.5124150011397433;0.1614639986655675;1.1354599992046133;0.6302680012595374;0.24048300110735;0.32767700031399727;0.5981779977446422;0.5256799995549954;0.2945950000139419;0.6465480000770185;1.0902739995799493;0.23203700038720854;0.653931998385815;1.001597000140464;0.0850810029078275;0.8193940011551604;0.5688519995601382;0.6561160007549915;0.39090599966584705;0.7308469976123888;0.3607100006774999;0.21417400057544;0.6154090006020851;0.4534740000963211;0.41456100007053465;0.26041100136353634;0.5326030004653148;0.6479309995484073;0.03457500133663416;0.2430280001135543;0.2213869993283879;0.32655600080033764;0.8957080026448239;0.1829149987315759;0.18283400277141482;0.5944700023974292;0.7781460008118302;0.6503250006062444;0.3276779971201904;0.7557850003649946;0.07434999861288816;0.900507002370432;0.7683980002184398;0.8746679995965678;0.28580900107044727;0.9908370011544321;0.5242180013738107;0.6202779986779206;0.7446429990523029;0.19484700169414282;0.804616000095848;0.6818239999120124;1.0364629997638986;0.7389220008917619;0.9347310005978215;0.47974400149541907;0.6816650020482484;0.2136429975507781;0.315984998451313;0.40613600140204653;0.7237640020321123;0.7549830006610136;0.22852999973110855;0.20574699738062918;0.2733250003075227;0.7248660003824625;0.7137649990909267;0.46054799895500764;0.6061919993953779;0.9412930012331344;0.0693299989507068;0.7076339970808476;0.08355799946002662;0.697243998729391;0.6600039996556006;0.0846799994178582;0.2230099998996593;0.7858610006223898;0.543234000360826;0.7774149999022484
320,DFS,memory,42.05125,4.476187169710716,42.6875;42.6875;42.6875;42.6875;42.6875;42.6875;42.6875;42.6875;42.6875;42.6875;42.6875;42.6875;10.875;42.6875;42.6875;42.6875;42.6875;42.6875;42.6875;42.6875;42.6875;42.6875;42.6875;42.6875;42.6875;42.6875;42.6875;42.6875;42.6875;42.6875;42.6875;42.6875;42.6875;42.6875;42.6875;42.6875;42.6875;42.6875;42.6875;42.6875;42.6875;42.6875;42.6875;42.6875;42.6875;42.6875;42.6875;42.6875;10.875;42.6875;42.6875;42.6875;42.6875;42.6875;42.6875;42.6875;42.6875;42.6875;42.6875;42.6875;42.6875;42.6875;42.6875;42.6875;42.6875;42.6875;42.6875;42.6875;42.6875;42.6875;42.6875;42.6875;42.6875;42.6875;42.6875;42.6875;42.6875;42.6875;42.6875;42.6875;42.6875;42.6875;42.6875;42.6875;42.6875;42.6875;42.6875;42.6875;42.6875;42.6875;42.6875;42.6875;42.6875;42.6875;42.6875;42.6875;42.6875;42.6875;42.6875;42.6875
320,DFS,explored,152.83,86.2806151198202,297;206;11;39;84;178;224;100;238;114;85;209;6;51;128;262;57;196;69;273;161;38;318;193;76;96;179;149;80;190;319;63;200;296;19;265;167;195;114;219;102;61;175;128;119;74;163;195;5;69;57;92;281;47;52;164;228;194;99;230;13;271;230;268;83;290;146;176;228;50;247;216;315;222;275;140;211;64;97;113;217;228;64;61;80;207;195;135;185;263;10;190;16;217;170;18;58;235;163;217
320,Dijkstra,time,1.391746719891671,0.6117629410404523,0.7696100001339801;1.1730709993571509;1.916450997669017;2.3854150022089016;1.8940889967780095;1.2309900012041908;0.3624029995989986;1.4598210000258405;1.4126019996183459;1.9241659974795766;1.7156629983219318;0.957705000473652;2.253346003271872;1.407452000421472;1.3312779992702417;1.9410079985391349;1.702227000350831;1.0937109982478432;2.161692998924991;0.5145499999343883;1.1669480009004474;0.6004709975968581;0.22254899886320345;2.182661999540869;1.9186860008630902;1.3490119999914896;0.7073729975672904;2.248698001494631;1.7262629990000278;1.0403999986010604;0.5605660007859115;1.8461489999026526;0.5006739993405063;0.6293450023804326;2.1742979988630395;1.2070639968442265;2.165469999454217;0.786772998253582;2.318188999197446;1.2854119995608926;2.054430999123724;1.9877250015269965;1.242341000761371;1.2146189983468503;1.5223989976220764;1.1221849999856204;2.176109999709297;0.7558640027127694;1.2342959998932201;2.074307998555014;0.8477680021314882;1.885212001070613;1.1996110006293748;1.7045320018951315;1.2901610025437549;2.3506090001319535;0.9319060009147506;0.6224319986358751;1.659526998992078;2.27890399764874;0.8451029971183743;0.9759690001374111;0.5126660034875385;0.5316919996403158;1.4711020012327936;0.4243990006216336;2.3475240013794973;1.2813440007448662;0.357813998562051;2.0170909992884845;0.6794000000809319;1.0216650007350836;0.7896880015323404;1.8435739984852262;0.9876519980025478;0.9614520022296347;0.9026610023283865;2.3128180000639986;2.2737449980922975;2.2905459991307;0.444247001723852;0.7119319998309948;1.390821002132725;1.9752320004045032;1.9783380012086127;0.6957309997233097;1.5812399979040492;2.2891730004630517;1.8759049999061972;1.079192999895895;2.066253000521101;1.6701780004950706;2.1133219997864217;0.6570190016645938;1.1825379988295026;1.6345299991371576;1.8218330005765893;0.7190850010374561;1.2980760002392344;0.7629279971297365
320,Dijkstra,memory,27.956484375,0.26796875,30.609375;27.9296875;27.9296875;27.9296875;27.9296875;27.9296875;27.9296875;27.9296875;27.9296875;27.9296875;27.9296875;27.9296875;27.9296875;27.9296875;27.9296875;27.9296875;27.9296875;27.9296875;27.9296875;27.9296875;27.9296875;27.9296875;27.9296875;27.9296875;27.9296875;27.9296875;27.9296875;27.9296875;27.9296875;27.9296875;27.9296875;27.9296875;27.9296875;27.9296875;27.9296875;27.9296875;27.9296875;27.9296875;27.9296875;27.9296875;27.9296875;27.9296875;27.9296875;27.9296875;27.9296875;27.9296875;27.9296875;27.9296875;27.9296875;27.9296875;27.9296875;27.9296875;27.9296875;27.9296875;27.9296875;27.9296875;27.9296875;27.9296875;27.9296875;27.9296875;27.9296875;27.9296875;27.9296875;27.9296875;27.9296875;27.9296875;27.9296875;27.9296875;27.9296875;27.9296875;27.9296875;27.9296875;27.9296875;27.9296875;27.9296875;27.9296875;27.9296875;27.9296875;27.9296875;27.9296875;27.9296875;27.9296875;27.9296875;27.9296875;27.9296875;27.9296875;27.9296875;27.9296875;27.9296875;27.9296875;27.9296875;27.9296875;27.9296875;27.9296875;27.9296875;27.9296875;27.9296875;27.9296875;27.9296875;27.9296875
320,Dijkstra,explored,171.66,92.18648425223667,68;142;238;313;245;152;15;176;167;244;223;111;309;172;170;255;224;125;294;39;142;52;3;293;253;167;64;281;213;122;42;243;38;56;289;163;283;82;313;164;274;274;146;133;184;130;296;82;148;274;85;238;143;224;163;316;102;56;224;301;90;107;39;42;184;24;308;158;14;269;67;118;74;238;113;113;99;318;315;299;28;72;169;260;258;67;199;308;259;122;266;206;281;61;127;208;238;72;165;73
